[{"id":"6285742858312@s.whatsapp.net","uang":768},{"id":"6285600793871@s.whatsapp.net","uang":149758},{"id":"6285700871480@s.whatsapp.net","uang":1884},{"id":"6285727631507@s.whatsapp.net","uang":15403},{"id":"6285226056859@s.whatsapp.net","uang":1326},{"id":"6285876368973@s.whatsapp.net","uang":1787},{"id":"6285643392726@s.whatsapp.net","uang":852},{"id":"6285867603570@s.whatsapp.net","uang":189},{"id":"6289666615556@s.whatsapp.net","uang":2160},{"id":"6285727341138@s.whatsapp.net","uang":90},{"id":"62895415497664@s.whatsapp.net","uang":23601},{"id":"6283139105820@s.whatsapp.net","uang":851},{"id":"6285878970732@s.whatsapp.net","uang":96},{"id":"6285701552455@s.whatsapp.net","uang":2141},{"id":"6285741595027@s.whatsapp.net","uang":479},{"id":"6285743644915@s.whatsapp.net","uang":753},{"id":"6282328687712@s.whatsapp.net","uang":16427},{"id":"6285773750763@s.whatsapp.net","uang":81738},{"id":"6285779604705@s.whatsapp.net","uang":43152},{"id":"6282118484275@s.whatsapp.net","uang":2272},{"id":"6282111785203@s.whatsapp.net","uang":16107},{"id":"6288232739101@s.whatsapp.net","uang":12880},{"id":"6283116764135@s.whatsapp.net","uang":478},{"id":"6289689569971@s.whatsapp.net","uang":279},{"id":"6281262290573@s.whatsapp.net","uang":190},{"id":"6289637381628@s.whatsapp.net","uang":1232},{"id":"6283131633983@s.whatsapp.net","uang":3723},{"id":"6282133807375@s.whatsapp.net","uang":1352},{"id":"6281262339320@s.whatsapp.net","uang":60481},{"id":"6283898966833@s.whatsapp.net","uang":15280},{"id":"6282184642419@s.whatsapp.net","uang":3592},{"id":"6285746839404@s.whatsapp.net","uang":1978},{"id":"62895411238610@s.whatsapp.net","uang":3227},{"id":"6281261394551@s.whatsapp.net","uang":92},{"id":"6281943406216@s.whatsapp.net","uang":2387},{"id":"6281371465614@s.whatsapp.net","uang":94},{"id":"6282278968060@s.whatsapp.net","uang":288},{"id":"6289502172186@s.whatsapp.net","uang":4156},{"id":"6282281247751@s.whatsapp.net","uang":11028},{"id":"6282117049287@s.whatsapp.net","uang":1770},{"id":"6285866028195@s.whatsapp.net","uang":182},{"id":"6285850184494@s.whatsapp.net","uang":1497},{"id":"6282278186745@s.whatsapp.net","uang":1227},{"id":"6282319668077@s.whatsapp.net","uang":3339},{"id":"6287833462942@s.whatsapp.net","uang":99},{"id":"6283853066350@s.whatsapp.net","uang":2271},{"id":"6282368887903@s.whatsapp.net","uang":94},{"id":"6281919981712@s.whatsapp.net","uang":91},{"id":"6285859458975@s.whatsapp.net","uang":1707},{"id":"628992678209@s.whatsapp.net","uang":1319},{"id":"6289530974840@s.whatsapp.net","uang":94},{"id":"6281229359919@s.whatsapp.net","uang":3948},{"id":"6281223031432@s.whatsapp.net","uang":4834},{"id":"6282136739197@s.whatsapp.net","uang":95},{"id":"62895635756762@s.whatsapp.net","uang":187},{"id":"6285745973067@s.whatsapp.net","uang":99},{"id":"6287798647593@s.whatsapp.net","uang":4535},{"id":"62895324108523@s.whatsapp.net","uang":99},{"id":"6285882271079@s.whatsapp.net","uang":1339},{"id":"6289627021201@s.whatsapp.net","uang":577},{"id":"6281646869482@s.whatsapp.net","uang":2066},{"id":"62895385811692@s.whatsapp.net","uang":99},{"id":"62895605187689@s.whatsapp.net","uang":96},{"id":"6285860665934@s.whatsapp.net","uang":1331},{"id":"6281548363700@s.whatsapp.net","uang":193},{"id":"6285939722729@s.whatsapp.net","uang":6032},{"id":"6285707266597@s.whatsapp.net","uang":759},{"id":"6281374373268@s.whatsapp.net","uang":96},{"id":"6289607470600@s.whatsapp.net","uang":472},{"id":"6282268997271@s.whatsapp.net","uang":91},{"id":"6281291547896@s.whatsapp.net","uang":662},{"id":"6285655864805@s.whatsapp.net","uang":187},{"id":"6288971904016@s.whatsapp.net","uang":381},{"id":"6289530952609@s.whatsapp.net","uang":97},{"id":"6282176808701@s.whatsapp.net","uang":663},{"id":"6282382274042@s.whatsapp.net","uang":750},{"id":"6283144006259@s.whatsapp.net","uang":90},{"id":"6282286356778@s.whatsapp.net","uang":92},{"id":"6281288720366@s.whatsapp.net","uang":1132},{"id":"62882005982035@s.whatsapp.net","uang":90},{"id":"6283177226274@s.whatsapp.net","uang":1987},{"id":"6281345407953@s.whatsapp.net","uang":951},{"id":"6283141346041@s.whatsapp.net","uang":371},{"id":"6289636577885@s.whatsapp.net","uang":563},{"id":"6285658961460@s.whatsapp.net","uang":1041},{"id":"6282380961133@s.whatsapp.net","uang":189},{"id":"6282211843108@s.whatsapp.net","uang":284},{"id":"6285811509346@s.whatsapp.net","uang":188}]